ID,firstName,lastName,email,phone
1004155,Daniel,Watts,daniel.watts@demo.com,+39-555-123
1004161,Stormy,Weathers,stormy.weathers@demo.com,+49-020-022
1004100,Sunny,Sunshine,sunny.sunshine@demo.com,+49-555-789
1004101,Ana,Silva,ana.silva@demo.com,+55-11-9999-1111
1004102,John,Doe,john.doe@demo.com,+1-202-555-0101
1004103,Marie,Curie,marie.curie@demo.com,+33-1-2345-6789
1004104,Albert,Einstein,albert.einstein@demo.com,+49-89-1234-5678
1004105,Isaac,Newton,isaac.newton@demo.com,+44-20-7946-0958
1004106,Galileo,Galilei,galileo.galilei@demo.com,+39-06-1234-5678
1004107,Nikola,Tesla,nikola.tesla@demo.com,+381-11-123-4567
1004108,Ada,Lovelace,ada.lovelace@demo.com,+44-20-1234-5678
1004109,Grace,Hopper,grace.hopper@demo.com,+1-212-555-0199
1004110,Alan,Turing,alan.turing@demo.com,+44-161-555-0198
1004111,Katherine,Johnson,katherine.johnson@demo.com,+1-757-555-0197
1004112,Tim,Berners-Lee,tim.lee@demo.com,+44-20-555-0196
1004113,Linus,Torvalds,linus.torvalds@demo.com,+358-9-555-0195
1004114,Guido,van Rossum,guido.rossum@demo.com,+31-20-555-0194
1004115,James,Gosling,james.gosling@demo.com,+1-416-555-0193
1004116,Brendan,Eich,brendan.eich@demo.com,+1-650-555-0192
1004117,Bjarne,Stroustrup,bjarne.stroustrup@demo.com,+45-33-555-0191
1004118,Dennis,Ritchie,dennis.ritchie@demo.com,+1-908-555-0190
1004119,Ken,Thompson,ken.thompson@demo.com,+1-908-555-0189
1004120,Steve,Wozniak,steve.wozniak@demo.com,+1-408-555-0188